<?xml version="1.0" encoding="utf-8"?>

<!--
  ~ Copyright (c) 2016, WSO2 Inc. (http://www.wso2.org) All Rights Reserved.
  ~
  ~ WSO2 Inc. licenses this file to you under the Apache License,
  ~ Version 2.0 (the "License"); you may not use this file except
  ~ in compliance with the License.
  ~ You may obtain a copy of the License at
  ~
  ~ http://www.apache.org/licenses/LICENSE-2.0
  ~
  ~ Unless required by applicable law or agreed to in writing,
  ~ software distributed under the License is distributed on an
  ~ "AS IS" BASIS, WITHOUT WARRANTIES OR CONDITIONS OF ANY
  ~ KIND, either express or implied. See the License for the
  ~ specific language governing permissions and limitations
  ~ under the License.
  -->
<DeviceTypeConfiguration name="ipen">
    <Features>
        <Feature code="change-status">
            <Name>Control buzzer</Name>
            <Description>Control buzzer on ipen</Description>
            <Operation context="/ipen/device/{deviceId}/change-status" method="POST">
                <FormParameters>
                    <Parameter>state</Parameter>
                </FormParameters>
            </Operation>
        </Feature>
    </Features>

    <ProvisioningConfig>
        <SharedWithAllTenants>false</SharedWithAllTenants>
    </ProvisioningConfig>

    <PushNotificationProvider type="MQTT">
        <FileBasedProperties>true</FileBasedProperties>
        <!--if file based properties is set to false then the configuration will be picked from platform configuration-->
        <ConfigProperties>
            <Property Name="mqtt.adapter.name">ipen.mqtt.adapter</Property>
            <Property Name="url">tcp://localhost:1886</Property>
            <Property Name="username">admin</Property>
            <Property Name="dcrUrl">https://localhost:9443/dynamic-client-web/register</Property>
            <Property Name="qos">0</Property>
            <Property Name="scopes"/>
            <Property Name="clearSession">true</Property>
        </ConfigProperties>
    </PushNotificationProvider>

    <!--<PushNotificationProvider type="XMPP">-->
        <!--<FileBasedProperties>true</FileBasedProperties>-->
        <!--&lt;!&ndash;if file based properties is set to false then the configuration will be picked from platform configuration&ndash;&gt;-->
        <!--<ConfigProperties>-->
            <!--<Property Name="xmpp.adapter.name">virtualfirealarm.xmpp.adapter</Property>-->
            <!--<Property Name="host">localhost</Property>-->
            <!--<Property Name="port">5222</Property>-->
            <!--<Property Name="username">admin</Property>-->
            <!--<Property Name="password">admin</Property>-->
            <!--<Property Name="jid">admin@localhost</Property>-->
            <!--<Property Name="server.name">localhost</Property>-->
        <!--</ConfigProperties>-->
    <!--</PushNotificationProvider>-->

    <License>
        <Language>en_US</Language>
        <Version>1.0.0</Version>
        <Text>This is license text</Text>
    </License>

</DeviceTypeConfiguration>