{
  "deviceType": {
    "label": "ipen",
    "category": "virtual",
    "downloadAgentUri": "ipen/enrollment/devices/download"
  },
  "analyticStreams": [
    {
      "name": "Temperature",
      "table": "DEVICE_ipen_ink_SUMMARY",
      "ui_unit": {
        "name": "cdmf.unit.analytics.line-chart",
        "data":[
          {"column": {"name":"TIME", "label":"time", "ui-mapping":"x-axis"}},
          {"column": {"name":"ink", "label":"ink", "ui-mapping":"y-axis"}}
        ]
      }
    }
  ]
}