<?xml version="1.0" encoding="UTF-8" standalone="no"?>
<feature id="org.google.pen" label="org.google.pen.feature" provider-name="%providerName" version="1.0.0.SNAPSHOT">
  <description>WSO2 is an open source application development software company focused on providing service-oriented
        architecture solutions for professional developers.</description>
  <copyright>%copyright</copyright>
  <license url="%licenseURL">%license</license>
  <plugin id="org.google.pen.plugin" unpack="false" version="1.0.0.SNAPSHOT"/>
  <require>
    <import feature="org.wso2.carbon.device.mgt.server" match="equivalent" version="2.0.6.SNAPSHOT"/>
    <import feature="org.wso2.carbon.core.server" match="equivalent" version="4.4.10"/>
  </require>
</feature>
